company,title,link
코리아헤럴드,Korea unveils measures to cut reliance on private education,https://n.news.naver.com/article/044/0000247543?ntype=RANKING
코리아헤럴드,Woman convicted for 'hacking' into boyfriend’s phone,https://n.news.naver.com/article/044/0000247516?ntype=RANKING
코리아헤럴드,[Graphic News] New York tops world’s most expensive cities for expats,https://n.news.naver.com/article/044/0000247550?ntype=RANKING
코리아헤럴드,Monk decides to return to lay life amid suspicions he has kids,https://n.news.naver.com/article/044/0000247518?ntype=RANKING
코리아헤럴드,Choo remains wary of China's reopening,https://n.news.naver.com/article/044/0000247529?ntype=RANKING
머니투데이,"""식사 시간조차 아까워서…"" 故주석중 교수 아들 울린 '라면 스프'",https://n.news.naver.com/article/008/0004904501?ntype=RANKING
머니투데이,"""가슴으로 낳아 지갑으로 키운다""...한국은 댕냥이 육아 삼매경",https://n.news.naver.com/article/008/0004904277?ntype=RANKING
머니투데이,"""새우 먹이 주러 간다""던 양식장 직원…사육 수조서 숨진 채 발견",https://n.news.naver.com/article/008/0004904388?ntype=RANKING
머니투데이,"황의조, 전여친 영상 왜 안지웠나…동의 없이 찍었다면 처벌 대상",https://n.news.naver.com/article/008/0004904284?ntype=RANKING
머니투데이,"허술한 'N번방 방지법'…SNS엔 ""황의조 영상 팔아요""",https://n.news.naver.com/article/008/0004904531?ntype=RANKING
MBN,"""대체 무슨 훈련을 한 건가요""…유도 후 '뇌출혈'로 5살이 된 초5 아들",https://n.news.naver.com/article/057/0001751886?ntype=RANKING
MBN,"[속보] 축구 국가대표 황의조, SNS 사생활 폭로글 작성자 고소",https://n.news.naver.com/article/057/0001751972?ntype=RANKING
MBN,"추미애 ""조국 출마 비난, 반인간적…뭐든지 조국 탓인가""",https://n.news.naver.com/article/057/0001751959?ntype=RANKING
MBN,"생후 8개월 된 아기, '좀비 마약' 먹고 사망...무슨 일?",https://n.news.naver.com/article/057/0001751938?ntype=RANKING
MBN,"'최단기 합격 1위' 해커스 광고, 거짓이었다…2.8억 과징금 부과",https://n.news.naver.com/article/057/0001751948?ntype=RANKING
조선비즈,"유지비만 대당 年 100억원… SK, 전용기 다시 내놓을까",https://n.news.naver.com/article/366/0000912081?ntype=RANKING
조선비즈,車에 숨어 있던 30인치 화면이 ‘쑥’… 현대모비스의 신기술,https://n.news.naver.com/article/366/0000912183?ntype=RANKING
조선비즈,"자동 장전·미사일 격추… 韓 자주포·전차, 성능 높인다",https://n.news.naver.com/article/366/0000912250?ntype=RANKING
조선비즈,[사이언스카페] 지구 최강의 상어 메갈로돈은 따뜻했다,https://n.news.naver.com/article/366/0000912099?ntype=RANKING
조선비즈,"日, ‘화이트리스트’에 韓 재지정… 수출규제 4년만에 완전 해소",https://n.news.naver.com/article/366/0000912235?ntype=RANKING
매일경제,“수영장에 무언가 떠다닌다”…신고받고 갔더니 대변이 ‘둥둥’,https://n.news.naver.com/article/009/0005149905?ntype=RANKING
매일경제,"“살이 빠지더니 26kg이나”...노출의 계절, 강력한 무기 나오나",https://n.news.naver.com/article/009/0005149887?ntype=RANKING
매일경제,고민정에 ‘버럭’했던 韓총리···만찬하며 野의원 말 꼼꼼 메모까지,https://n.news.naver.com/article/009/0005149895?ntype=RANKING
매일경제,푸틴보다 더 놀랐다...‘바그너 반란’이 몰고온 공포 “혹시 우리도?”,https://n.news.naver.com/article/009/0005149892?ntype=RANKING
매일경제,"눈에는 눈, 무인기엔 무인기…“北 1대 보내면 우린 10대 보낸다”",https://n.news.naver.com/article/009/0005149953?ntype=RANKING
한겨레,‘독’ 풀린 바다…하루 200번 “돌고래·바다사자 죽어요” 신고,https://n.news.naver.com/article/028/0002645517?ntype=RANKING
한겨레,AI 프로필 사진으로 주민등록증 만들었다…써도 돼요?,https://n.news.naver.com/article/028/0002645641?ntype=RANKING
한겨레,20억 들인 ‘짝퉁 거북선’ 결국 불태운다…폐기비용도 3천만원,https://n.news.naver.com/article/028/0002645627?ntype=RANKING
한겨레,맨다리에 기저귀 차고 피란…우크라 ‘인간 충격 보고서’,https://n.news.naver.com/article/028/0002645605?ntype=RANKING
한겨레,오늘 낮 31도까지…장맛비 목요일 다시 전국 적신다,https://n.news.naver.com/article/028/0002645614?ntype=RANKING
YTN,"거제 거북선의 최후… ""목재는 소각하고 금속은 고물상에""",https://n.news.naver.com/article/052/0001902202?ntype=RANKING
YTN,"""과태료 20번 낼 수도""...인도 주차 반복 신고 가능 [앵커리포트]",https://n.news.naver.com/article/052/0001902219?ntype=RANKING
YTN,"""양육비 내놔"" 아이 아빠 얼굴 공개 1인 시위 미혼모 유죄",https://n.news.naver.com/article/052/0001902178?ntype=RANKING
YTN,"[날씨] 내륙 장마 소강, 무더위 기승...제주도·남해안 장맛비",https://n.news.naver.com/article/052/0001902235?ntype=RANKING
YTN,"프리고진 ""정권 전복 불원""...푸틴 ""반란은 실패할 운명""",https://n.news.naver.com/article/052/0001902228?ntype=RANKING
한국경제,"""진통제 맞고 얼음찜질""…김영철, '지나친 운동'에 걸린 병 [건강!톡]",https://n.news.naver.com/article/015/0004861164?ntype=RANKING
한국경제,"""자고 일어났는데 무슨 일""…황희찬, 가짜 메시지에 '경고'",https://n.news.naver.com/article/015/0004861100?ntype=RANKING
한국경제,"""하루 주차비 216만원 나왔다""…인천 오피스텔서 무슨 일이",https://n.news.naver.com/article/015/0004861159?ntype=RANKING
한국경제,"""무슨 유상증자를 조단위로 하나""…대기업 믿은 개미들 '쇼크'",https://n.news.naver.com/article/015/0004861051?ntype=RANKING
한국경제,"""네이버 -60%, 카카오 -70%""…주가 추락에 개미들 '비명'",https://n.news.naver.com/article/015/0004861211?ntype=RANKING
MBC,"""문재인은 간첩"" 막말 난사에‥""총장 윤석열은 간첩 하수인?""",https://n.news.naver.com/article/214/0001281869?ntype=RANKING
MBC,"""욕설하셨죠?"" ""그런다고 쏴?"" '공포탄' 당시 상황 봤더니‥",https://n.news.naver.com/article/214/0001281852?ntype=RANKING
MBC,"""정부 비판 인사 솎아내겠다""‥이동관 홍보수석실 요청 문건",https://n.news.naver.com/article/214/0001281867?ntype=RANKING
MBC,"서핑장에 웬 욱일기?‥""이런 걸 만들다니""",https://n.news.naver.com/article/214/0001281767?ntype=RANKING
MBC,"""천일염 괴담 선동""‥""오염수 방류 보류""",https://n.news.naver.com/article/214/0001281851?ntype=RANKING
JTBC,대장균 바글바글 이 사골육수 '조심'…다담 순수사골육수 회수 조치,https://n.news.naver.com/article/437/0000348830?ntype=RANKING
JTBC,'왔다 간다' 2천년 된 콜로세움에 이름 새긴 관광객…이탈리아 공분,https://n.news.naver.com/article/437/0000348819?ntype=RANKING
JTBC,"정부 ""후쿠시마 오염수, ALPS 통과후 허용초과 핵종 6개 검출""",https://n.news.naver.com/article/437/0000348847?ntype=RANKING
JTBC,보험사 직원에 '문신 사진' 보내며 협박…수억 가로챈 보험사기 일당 검거,https://n.news.naver.com/article/437/0000348832?ntype=RANKING
JTBC,"농심, 신라면 50원·새우깡 100원 인하",https://n.news.naver.com/article/437/0000348854?ntype=RANKING
아시아경제,"""월 30만원도 좋다""며 뛰어든 20대 '야쿠르트 언니'의 반전",https://n.news.naver.com/article/277/0005277944?ntype=RANKING
아시아경제,"이다해, 논현동 빌딩 팔아 200억 차익…즉각 재투자",https://n.news.naver.com/article/277/0005278258?ntype=RANKING
아시아경제,"""유도관장과 일대일 초5 아들, 뇌출혈로 지적장애 판정 받았어요""",https://n.news.naver.com/article/277/0005278207?ntype=RANKING
아시아경제,"황의조, 사생활 폭로 고소장 제출…""도난당한 휴대전화로 협박""",https://n.news.naver.com/article/277/0005278278?ntype=RANKING
아시아경제,3억에 '평생항공권' 구매…33년째 32억원어치 탄 남자,https://n.news.naver.com/article/277/0005278037?ntype=RANKING
경향신문,"프리고진, 반란 후 첫 육성 공개···“정부 전복 의도 없었다” 고개 숙였지만 앞날 불확실",https://n.news.naver.com/article/032/0003232385?ntype=RANKING
경향신문,"윤희숙 “김기현 ‘먹방’, 이재명 선동 수준으로 내려갔다”",https://n.news.naver.com/article/032/0003232336?ntype=RANKING
경향신문,“넌 성수동 가니? 난 OO 간다” 새로운 ‘팝업 성지’로 떠오른 이곳,https://n.news.naver.com/article/032/0003232388?ntype=RANKING
경향신문,“공무원 1위· 최단기 합격 1위” 해커스 광고는 거짓…공정위 과징금,https://n.news.naver.com/article/032/0003232384?ntype=RANKING
경향신문,"[단독]국정원 직원이 밝힌 ‘이동관 홍보수석실 언론장악’…“인사개입 문건, 홍보수석실에서 직접 지시했다”",https://n.news.naver.com/article/032/0003232308?ntype=RANKING
문화일보,화난 얼굴로 나타난 푸틴 “유혈 막았다”… 리더십 회복 안간힘,https://n.news.naver.com/article/021/0002579417?ntype=RANKING
문화일보,"러 혼란 틈타… 우크라, 드니프로강 넘어 남부탈환 속도",https://n.news.naver.com/article/021/0002579418?ntype=RANKING
문화일보,여권 “한동훈·원희룡·윤희숙 자객공천”… 내년 총선 ‘전략적 허용’ 검토[허민의 정치카페],https://n.news.naver.com/article/021/0002579365?ntype=RANKING
문화일보,"[속보]농심, 신라면 50원·새우깡 100원 가격 인하 “밀가루 가격 인하”",https://n.news.naver.com/article/021/0002579514?ntype=RANKING
문화일보,‘비서관 5명 → 차관’ 윤 대통령 국정 드라이브,https://n.news.naver.com/article/021/0002579465?ntype=RANKING
뉴스1,"이다해, 빌딩 팔아 200억 차익…'월세만 4200만원' 논현동 160억 건물 또 샀다",https://n.news.naver.com/article/421/0006890188?ntype=RANKING
뉴스1,"""그와 결혼할 바엔""…'황의조와 결별' 효민, 과거 SNS 글 눈길",https://n.news.naver.com/article/421/0006890438?ntype=RANKING
뉴스1,차명으로 주식 사놓고 '매수 리포트'…5억 챙긴 DB금투 애널리스트,https://n.news.naver.com/article/421/0006890900?ntype=RANKING
뉴스1,아이 아빠 얼굴 사진 들고 '양육비 시위'…40대 미혼모 벌금형,https://n.news.naver.com/article/421/0006891249?ntype=RANKING
뉴스1,"[6월 모평] 수학, 8년새 가장 어려웠다…국어는 쉬워",https://n.news.naver.com/article/421/0006890893?ntype=RANKING
KBS,[단독] 검사 출신의 140쪽 검토보고서에 발칵 뒤집힌 감사원,https://n.news.naver.com/article/056/0011512794?ntype=RANKING
KBS,개장 전 제주 해수욕장에서 20대 관광객 숨져…“‘이안류’ 주의해야”,https://n.news.naver.com/article/056/0011512783?ntype=RANKING
KBS,물 훔쳐 쓰고 도로 한복판 점령…‘상상초월’ 캠핑카 민폐 [잇슈 키워드],https://n.news.naver.com/article/056/0011512508?ntype=RANKING
KBS,"‘만 나이’ 내일부터 시작…취학, 술·담배 구매연령은 그대로",https://n.news.naver.com/article/056/0011512811?ntype=RANKING
KBS,"일본, 한국 ‘화이트리스트’ 4년 만에 복원…수출규제 모두 해제",https://n.news.naver.com/article/056/0011512827?ntype=RANKING
연합뉴스TV,110여회 흉기 휘두른 정유정…부친에 살인예고 전화도,https://n.news.naver.com/article/422/0000605720?ntype=RANKING
연합뉴스TV,갑부들의 초고가 익스트림 여행…사고 수습비용은 누구 부담?,https://n.news.naver.com/article/422/0000605732?ntype=RANKING
연합뉴스TV,"'우크라전 활약' 바그너그룹, 존폐 기로…미국은 지원사격?",https://n.news.naver.com/article/422/0000605729?ntype=RANKING
연합뉴스TV,"""북한 주민 1천만명 이상 인도적 지원 필요…식량문제 심각""",https://n.news.naver.com/article/422/0000605725?ntype=RANKING
연합뉴스TV,"윤대통령 ""세일즈 외교 성과 나타나…상식이 제자리 찾은 결과""",https://n.news.naver.com/article/422/0000605718?ntype=RANKING
SBS,"""유도관 갔던 5학년 아들이 뇌출혈로 5살이 됐습니다""",https://n.news.naver.com/article/055/0001068630?ntype=RANKING
SBS,"[Pick] 전 여친 집 침입한 그 시기, 홈캠으로 '17일간 683회' 훔쳐봤다",https://n.news.naver.com/article/055/0001068557?ntype=RANKING
SBS,"농심, 신라면 50원 · 새우깡 100원 인하",https://n.news.naver.com/article/055/0001068638?ntype=RANKING
SBS,군부대 '택배 마약'…대마 들여온 예비역 병장 구속 기소,https://n.news.naver.com/article/055/0001068597?ntype=RANKING
SBS,디올 15%↑…'오늘이 가장 싸다' 명품 가격 줄줄이 인상,https://n.news.naver.com/article/055/0001068515?ntype=RANKING
한국일보,"""초5 아들, 유도관장과 훈련하다 지적장애 됐다""...해당 학원은 계속 운영",https://n.news.naver.com/article/469/0000746601?ntype=RANKING
한국일보,"피해자 110회 넘게 찌른 정유정...범행 전 아버지에 ""큰 일 저지를 것"" 살인 예고",https://n.news.naver.com/article/469/0000746579?ntype=RANKING
한국일보,"""호랑이 새끼로 컸네"" 푸틴은 왜 용병기업에 막강한 힘을 허했나",https://n.news.naver.com/article/469/0000746542?ntype=RANKING
한국일보,영화 속 이야기가 현실로...미군이 계속 최강일 수밖에 없는 이유 [무기로 읽는 세상],https://n.news.naver.com/article/469/0000746624?ntype=RANKING
한국일보,①여성 징병 ②모병제 ③복무기간 연장 ④민간군사기업… 병역자원 확보 대책은,https://n.news.naver.com/article/469/0000746582?ntype=RANKING
시사저널,"""직접 먹어 안전성 증명하겠다""…與 '먹방 정치' 손익계산서는",https://n.news.naver.com/article/586/0000060104?ntype=RANKING
시사저널,"'금태섭 신당' 대변인, 조수진에 ""편의점 알바도 이렇게는 안 잘라"" 비판",https://n.news.naver.com/article/586/0000060099?ntype=RANKING
시사저널,"'침대업계 개척자' 안유수 에이스침대 회장, 향년 94세로 별세",https://n.news.naver.com/article/586/0000060116?ntype=RANKING
시사저널,"엿새간 상가 주차장 입구 막은 차주…경찰, 체포영장 신청한다",https://n.news.naver.com/article/586/0000060118?ntype=RANKING
시사저널,"푸틴 ""선 넘지 않았다""…반란 사태 봉합 속 프리고진 '행방 묘연'",https://n.news.naver.com/article/586/0000060112?ntype=RANKING
중앙일보,"'저축왕' 이다해, 논현동 빌딩 200억 차익…160억 빌딩 또 샀다",https://n.news.naver.com/article/025/0003289656?ntype=RANKING
중앙일보,"""대변이 둥둥"" 하남 물놀이장 발칵…긴급 폐장하며 남긴 해명",https://n.news.naver.com/article/025/0003289660?ntype=RANKING
중앙일보,학사모 쓴 시체들?…'사망 졸업사진' 中 대학가에 무슨 일,https://n.news.naver.com/article/025/0003289674?ntype=RANKING
중앙일보,"""팝콘 먹으며 반란 시청""…사기 오른 우크라, 러 점령지 탈환",https://n.news.naver.com/article/025/0003289678?ntype=RANKING
중앙일보,이러다 전기요금 33% 더 낸다…'냉방비 폭탄' 맞을 이 행동,https://n.news.naver.com/article/025/0003289693?ntype=RANKING
조선일보,가뭄에 바짝 마른 멕시코 저수지… 460년전 교회 드러났다,https://n.news.naver.com/article/023/0003772129?ntype=RANKING
조선일보,[단독]‘월세 7800만원’ 대형약국 주인이 20대 女약사... 업계 술렁,https://n.news.naver.com/article/023/0003772163?ntype=RANKING
조선일보,“파이브가이즈 햄버거 10만원에 팔아요” 오픈 하루만에 등장한 ‘리셀러’,https://n.news.naver.com/article/023/0003772157?ntype=RANKING
조선일보,“박원순 다큐 개봉 취소하라” 46개 단체 규탄 회견,https://n.news.naver.com/article/023/0003772150?ntype=RANKING
조선일보,"美 2018년 바그너 맹폭 때, 러 “우리軍 아니다”... 반란 부른 갈등史",https://n.news.naver.com/article/023/0003772148?ntype=RANKING
서울경제,"'빌딩 팔아 200억 차익' 이다해, 160억 건물 또 샀다…""월세만 4200만원""",https://n.news.naver.com/article/011/0004206810?ntype=RANKING
서울경제,'사이코패스 정유정'의 참혹한 살해법…111회 찌르고 존속살해 검색도,https://n.news.naver.com/article/011/0004206622?ntype=RANKING
서울경제,"'킬러문항' 출제됐다는 6월모평, 국어 만점 급증…수학은 '불수학'",https://n.news.naver.com/article/011/0004206802?ntype=RANKING
서울경제,'모래 씻으러 갔다가'…제주 해수욕장서 20대 바다에 빠져 숨져,https://n.news.naver.com/article/011/0004206786?ntype=RANKING
서울경제,"[단독] '강남 여중생 투신' 생중계한 남성, 미성년자 성폭행 혐의로 또 체포",https://n.news.naver.com/article/011/0004206463?ntype=RANKING
서울신문,"솔의눈, 누가 사먹나 했더니… ‘호불호甲’ 음료의 大반전",https://n.news.naver.com/article/081/0003372149?ntype=RANKING
서울신문,“자는데 옷 속에 얼음 넣어…남편과 이혼하고 싶습니다”,https://n.news.naver.com/article/081/0003371969?ntype=RANKING
서울신문,택배 훔치다 발각…목격자 수십번 찌르고 해외도피한 30대男,https://n.news.naver.com/article/081/0003372167?ntype=RANKING
서울신문,"추미애 “조국 출마 비난 반인간적…이낙연, 여론에 전전긍긍”",https://n.news.naver.com/article/081/0003372156?ntype=RANKING
서울신문,"푸틴, 바그너 반란 정말 모르고 당했을까? [월드뷰]",https://n.news.naver.com/article/081/0003372175?ntype=RANKING
뉴시스,비행기 창문에 스티커 붙인 아이…네티즌 '갑론을박',https://n.news.naver.com/article/003/0011937216?ntype=RANKING
뉴시스,유도 관장과 대결 초등생 뇌출혈…'지적장애 판정',https://n.news.naver.com/article/003/0011937071?ntype=RANKING
뉴시스,'졸업했더니 시체가'…中서 유행하는 사진의 정체는,https://n.news.naver.com/article/003/0011938021?ntype=RANKING
뉴시스,"추미애 ""조국 출마 비난, 반인간적…조국 탓 하면 해법 생기나""",https://n.news.naver.com/article/003/0011937477?ntype=RANKING
뉴시스,"전재수 ""조국, 출마 땐 당선될 것…신당은 불가능한 얘기""",https://n.news.naver.com/article/003/0011937918?ntype=RANKING
강원일보,"추미애, ""한동훈은 윤 대통령의 어나더 브라더…경찰청장이 자존심 보여줘야 되는 심각한 사안""",https://n.news.naver.com/article/087/0000979366?ntype=RANKING
강원일보,"정유정, 피해자 110번 넘게 찔러…부친에 살인예고 전화도",https://n.news.naver.com/article/087/0000979324?ntype=RANKING
강원일보,[속보]신라면 50원·새우깡 100원 씩 ↓…2010년 이후 13년만에 사상 첫 가격인하,https://n.news.naver.com/article/087/0000979399?ntype=RANKING
강원일보,"일본, ‘한국 화이트리스트 완전 복원’…수출규제 모두 해제",https://n.news.naver.com/article/087/0000979359?ntype=RANKING
강원일보,"강릉 급발진 의심사고 할머니 측 ""쓰러진 상태에서 풀악셀 밟기는 불가능""",https://n.news.naver.com/article/087/0000979258?ntype=RANKING
노컷뉴스,'기준치 180배 세슘 우럭' 먹어도 된다?…정부 답변은,https://n.news.naver.com/article/079/0003784654?ntype=RANKING
노컷뉴스,배우 임지연이 불 댕긴 '남편사망정식' 갑론을박,https://n.news.naver.com/article/079/0003784656?ntype=RANKING
노컷뉴스,엿새째 상가 주차장 입구 차량으로 막은 임차인…경찰 수사,https://n.news.naver.com/article/079/0003784663?ntype=RANKING
노컷뉴스,"""5학년 아들, 유도 배우다 지적장애 얻었다…관장은 책임회피""[이슈시개]",https://n.news.naver.com/article/079/0003784701?ntype=RANKING
노컷뉴스,로마 콜로세움에 '왔다감 낙서'…무개념 커플에 공분,https://n.news.naver.com/article/079/0003784554?ntype=RANKING
이데일리,투병하다 숨진 남편…휴대폰엔 내연녀와 나눈 아내 뒷담화가[사랑과전쟁],https://n.news.naver.com/article/018/0005517693?ntype=RANKING
이데일리,정유정 “분명 죽였는데 살아나서 말하더라”...심신미약 노리나,https://n.news.naver.com/article/018/0005517646?ntype=RANKING
이데일리,"6일째 주차장 막고 버틴 차량, 경찰 ‘체포영장’ 신청한다",https://n.news.naver.com/article/018/0005517836?ntype=RANKING
이데일리,"유재석, 안테나 지분 30억 인수→'3대 주주' 올라",https://n.news.naver.com/article/018/0005517752?ntype=RANKING
이데일리,"하나·신한·국민은행, 청년도약계좌 마이너스통장 출시한다",https://n.news.naver.com/article/018/0005517501?ntype=RANKING
전자신문,“더 비싸도 살게요” … 중고시장까지 퍼진 ‘LG스탠바이미 고’ 인기,https://n.news.naver.com/article/030/0003111471?ntype=RANKING
전자신문,"러 프리고진, 반란 중단 후 첫 메시지 “불의로 인해 행진…바그너 구해야 했다”",https://n.news.naver.com/article/030/0003111512?ntype=RANKING
전자신문,"토요타, 7인승 SUV ‘하이랜더’ 내달 25일 韓 출시",https://n.news.naver.com/article/030/0003111603?ntype=RANKING
전자신문,"[에듀플러스 초·중 이공계 교육]<3>“영재학교 진학, 첨단 계약학과 등 이공계 상위권 명문대 입학에 유리”",https://n.news.naver.com/article/030/0003111666?ntype=RANKING
전자신문,우체국도 ‘애플페이’...공공기관 확산 바람,https://n.news.naver.com/article/030/0003111637?ntype=RANKING
세계일보,"황의조 ‘사생활 논란’ 폰 분실한 뒤 협박, 루머 확산 추정…결국 팬미팅도 취소돼",https://n.news.naver.com/article/022/0003827369?ntype=RANKING
세계일보,“문재인 간첩이란 걸 국민 70% 몰라” 검사 출신 박인환 막말 논란,https://n.news.naver.com/article/022/0003827338?ntype=RANKING
세계일보,통화하는 척 3번이나 연기…가짜 휴대전화와 차 열쇠 놓고 4만원 ‘먹튀’한 男,https://n.news.naver.com/article/022/0003827395?ntype=RANKING
세계일보,"[속보] 농심, 신라면 50원·새우깡 100원 인하",https://n.news.naver.com/article/022/0003827481?ntype=RANKING
세계일보,"정유정, 살인 직전 부친에 예고 전화…“아빠 재혼으로 배신감 느껴”",https://n.news.naver.com/article/022/0003827258?ntype=RANKING
국민일보,"위층서 베란다 ‘소변 테러’…“창 범벅에 악취, 못살겠다”",https://n.news.naver.com/article/005/0001619002?ntype=RANKING
국민일보,수일째 상가 막은 ‘주차 빌런’… 결국 체포영장 검토,https://n.news.naver.com/article/005/0001619001?ntype=RANKING
국민일보,"정유정, 111번 찔렀다…“재혼에 배신감” 父에 살인예고",https://n.news.naver.com/article/005/0001618991?ntype=RANKING
국민일보,“황의조 영상 팜” 2차가해 확산…‘몰카’라면 그도 처벌,https://n.news.naver.com/article/005/0001618992?ntype=RANKING
국민일보,"추미애 “조국 출마 비난, 반인간적…뭐든 조국 탓이냐”",https://n.news.naver.com/article/005/0001619089?ntype=RANKING
동아일보,1800만원대 티볼리 출격… ‘애인보다 사랑스러운 첫 SUV’,https://n.news.naver.com/article/020/0003505776?ntype=RANKING
동아일보,비행기 창문에 스티커 ‘덕지덕지’…“민폐다” vs “과한 지적”[e글e글],https://n.news.naver.com/article/020/0003505976?ntype=RANKING
동아일보,“스트레스 받아서 자해했어요”…“다 싫다”면서도 사랑 원하는 아이들 [죽고 싶은 당신에게],https://n.news.naver.com/article/020/0003505989?ntype=RANKING
동아일보,임지연 신들린 짜장면 먹방에…“남편사망정식 시켰다”…갑론을박[e글e글],https://n.news.naver.com/article/020/0003505995?ntype=RANKING
동아일보,‘전세 만기’ 내용증명 보내는 세입자… 집주인과 법적 분쟁 급증,https://n.news.naver.com/article/020/0003505861?ntype=RANKING
헤럴드경제,"""황의조 폰에 몰카 추정 다수""…황의조 리벤지 포르노 사건 '반전'?",https://n.news.naver.com/article/016/0002161378?ntype=RANKING
헤럴드경제,정유정 “분명 죽였는데 살아나 내게 말해”…피해자 110차례 가격,https://n.news.naver.com/article/016/0002161565?ntype=RANKING
헤럴드경제,"英BBC “바그너 용병들, 프리고진에 등돌렸다”",https://n.news.naver.com/article/016/0002161564?ntype=RANKING
헤럴드경제,"‘최단기 합격 공무원 학원, 1위 해커스’…버스 광고, ‘거짓’이었다",https://n.news.naver.com/article/016/0002161692?ntype=RANKING
헤럴드경제,[르포]주차하니 롤러블 디스플레이가 '쑥'…TV 부럽지 않은 6K 선명도 ‘감동’,https://n.news.naver.com/article/016/0002161569?ntype=RANKING
채널A,추미애 “민주당 너무 얌전…검언개혁 실패 文정부도 책임”,https://n.news.naver.com/article/449/0000252342?ntype=RANKING
채널A,"‘친윤’ 이용, 유승민에 “‘민주당으로 가라’ 힐난 나와”",https://n.news.naver.com/article/449/0000252317?ntype=RANKING
채널A,‘154만 원 헐값’ 논란 거제 거북선…결국 폐기,https://n.news.naver.com/article/449/0000252325?ntype=RANKING
채널A,국어·수학 표준점수 차 크게 벌어져…‘문과 침공’ 우려,https://n.news.naver.com/article/449/0000252327?ntype=RANKING
채널A,장제원 “우주항공청 처리 합의하면 과방위 개최…민주당 답하라”,https://n.news.naver.com/article/449/0000252343?ntype=RANKING
부산일보,'모래 씻으러 갔다가…' 제주 해수욕장서 20대 관광객 바다 빠져 숨져,https://n.news.naver.com/article/082/0001219167?ntype=RANKING
부산일보,공무원·공인중개사 1위' 거짓광고로 소비자 속여온 ‘해커스’ 제재,https://n.news.naver.com/article/082/0001219217?ntype=RANKING
부산일보,"길바닥에 주저앉아 있던 남성, 뺑소니 피해자인 줄 알았는데…",https://n.news.naver.com/article/082/0001219223?ntype=RANKING
부산일보,"""밀린 양육비 달라"" 얼굴 사진 들고 1인 시위한 미혼모 벌금형",https://n.news.naver.com/article/082/0001219201?ntype=RANKING
부산일보,신라면 50원·새우깡 100원 '가격 인하'…내달 1일부터,https://n.news.naver.com/article/082/0001219240?ntype=RANKING
프레시안,"용병집단 바그너 이탈로 우크라전 전황 뒤집힐까[러시아, 우크라이나 침공]",https://n.news.naver.com/article/002/0002290759?ntype=RANKING
프레시안,"이재명, '문재인 간첩' 발언에 ""전직 대통령이 간첩? 색깔론·퇴행""",https://n.news.naver.com/article/002/0002290877?ntype=RANKING
프레시안,"정유정, 20대 여성 살해 당시 흉기로 110회 이상 쩔러",https://n.news.naver.com/article/002/0002290850?ntype=RANKING
프레시안,"우크라 전쟁이 촉발한 물가 상승, 빈곤국은 여전히 진행 중",https://n.news.naver.com/article/002/0002290854?ntype=RANKING
프레시안,"김건희, 美매체 인터뷰 ""난 尹정부 '조력자'…예술이 정치·경제·외교 문제 푸는데 역할""",https://n.news.naver.com/article/002/0002290809?ntype=RANKING
한국경제TV,"농심, '통 큰 결단?'…신라면 50원·새우깡 100원 인하",https://n.news.naver.com/article/215/0001109963?ntype=RANKING
한국경제TV,110차례 흉기 휘두른 정유정…父에겐 살인예고 전화,https://n.news.naver.com/article/215/0001109953?ntype=RANKING
한국경제TV,"""잠자는 돈 찾아가세요""…숨은 보험금 12.4조원",https://n.news.naver.com/article/215/0001109935?ntype=RANKING
한국경제TV,"'쌀 때 쟁여놓자'…주말부터 4캔 1만2,000원",https://n.news.naver.com/article/215/0001109958?ntype=RANKING
한국경제TV,7월부터 '아빠 육아휴직 장려금'…최대 80만원,https://n.news.naver.com/article/215/0001109901?ntype=RANKING
연합뉴스,"6일째 주차장 막은 차량…경찰, 체포·압수영장 신청한다",https://n.news.naver.com/article/001/0014028157?ntype=RANKING
연합뉴스,'침대 선구자' 에이스침대 창업주 안유수 회장 별세…향년 93세(종합),https://n.news.naver.com/article/001/0014028132?ntype=RANKING
연합뉴스,"6월 모평 국어 만점자, 작년 수능의 4배…정작 수학이 '불수학'",https://n.news.naver.com/article/001/0014028106?ntype=RANKING
연합뉴스,"[1보] 농심, 신라면 50원·새우깡 100원 인하",https://n.news.naver.com/article/001/0014028455?ntype=RANKING
연합뉴스,"日, 韓 '화이트리스트' 4년만에 복원…韓 ""양국신뢰 완전 회복""(종합2보)",https://n.news.naver.com/article/001/0014028298?ntype=RANKING
디지털타임스,"이다해, 빌딩 팔아 200억원 차익...논현동 건물 대출 없이 또 샀다",https://n.news.naver.com/article/029/0002809515?ntype=RANKING
디지털타임스,‘황의조 사생활’ 폭로女 저격한 문성호…“관계 정립 않는 男과 왜 성관계 가졌나”,https://n.news.naver.com/article/029/0002809511?ntype=RANKING
디지털타임스,"[속보] 농심, 신라면 50원·새우깡 100원 내린다…내달부터",https://n.news.naver.com/article/029/0002809565?ntype=RANKING
디지털타임스,"끊기는 한·중 하늘길…발끈한 中 ""韓, 중국 관광객 보기 어려워질 것"" 협박",https://n.news.naver.com/article/029/0002809474?ntype=RANKING
디지털타임스,상가 주차장 입구에 차 두고 사라진 40대 차주…경찰 수사 나서,https://n.news.naver.com/article/029/0002809433?ntype=RANKING
파이낸셜뉴스,"비행기 창문에 3살 아기가 '덕지덕지' 붙인 스티커에 누리꾼들 갑론을박… ""민폐"" vs ""문제없다""",https://n.news.naver.com/article/014/0005032728?ntype=RANKING
파이낸셜뉴스,"'현역 한 명도 없다'는 말에 발끈한 금태섭 신당…""쓸 만한 '뱃지'가 있긴 하나""",https://n.news.naver.com/article/014/0005033045?ntype=RANKING
파이낸셜뉴스,"""일찍 잘거니?"" 황희찬 사칭한 합성SNS에 분노..""자고나니 무슨일""",https://n.news.naver.com/article/014/0005032979?ntype=RANKING
파이낸셜뉴스,"“이래도 차 세울래?” 10분 주차비 15,000원 책정한 건물주의 사연",https://n.news.naver.com/article/014/0005032801?ntype=RANKING
파이낸셜뉴스,"""너무 무서워서..."" 70대 노인 살해하고 불태운 남성",https://n.news.naver.com/article/014/0005032797?ntype=RANKING
SBS Biz,"""2개 4990원""…역대급 가성비 버거 나왔다",https://n.news.naver.com/article/374/0000341131?ntype=RANKING
SBS Biz,대장균 검출된 '이 육수' 먹지 말고 반품하세요,https://n.news.naver.com/article/374/0000341190?ntype=RANKING
SBS Biz,"막차? 첫차?…""더는 못 참아"" 올릴 건 올린다",https://n.news.naver.com/article/374/0000341163?ntype=RANKING
SBS Biz,"1시간 주차비가 9만원…인천 오피스텔 주차장, 무슨 일?",https://n.news.naver.com/article/374/0000341135?ntype=RANKING
SBS Biz,갓 태어난 아기 '0살'…'보험 나이'는 몇 살?,https://n.news.naver.com/article/374/0000341153?ntype=RANKING
시사IN,"[단독] 김대성 전세사기 피해자 480여 명, 보증금 돌려받게 된다",https://n.news.naver.com/article/308/0000032927?ntype=RANKING
시사IN,"“올해 GDP 성장률, 일본이 한국 넘어설 수도”",https://n.news.naver.com/article/308/0000032926?ntype=RANKING
시사IN,MB 정권때와는 또 다른 언론 장악 시나리오,https://n.news.naver.com/article/308/0000032923?ntype=RANKING
시사IN,"소싸움은 전통 문화유산인가, 돈벌이 위한 학대인가 [포토IN]",https://n.news.naver.com/article/308/0000032921?ntype=RANKING
시사IN,그는 왜 무릎 꿇지 않았나 [기자의 추천 책],https://n.news.naver.com/article/308/0000032925?ntype=RANKING
오마이뉴스,'윤석열·기시다' 얼굴에 오염수 부은 성난 노동자들,https://n.news.naver.com/article/047/0002397092?ntype=RANKING
오마이뉴스,[단독] 고교에 '박원순' '손석희' '세월호' 책 보유 현황 제출 요구,https://n.news.naver.com/article/047/0002397076?ntype=RANKING
오마이뉴스,"이재명 ""검찰 출신이면 아무나 간첩으로 낙인? 윤 대통령이 경질하라""",https://n.news.naver.com/article/047/0002397100?ntype=RANKING
오마이뉴스,"영정보며 팔토시로 눈물 찍어낸 엄마... ""183명 의원님들께 간절히 호소""",https://n.news.naver.com/article/047/0002397081?ntype=RANKING
오마이뉴스,"'오염수 방류'로 얻는 국익이 뭐냐는 물음에, 국힘 ""...""",https://n.news.naver.com/article/047/0002397064?ntype=RANKING
아이뉴스24,"'타이타닉 참변'으로 남편·아들 모두 잃은 아내, ""원래는 내가 탔어야""",https://n.news.naver.com/article/031/0000754739?ntype=RANKING
아이뉴스24,[헬스+] 다이어트 성공하려면? 탄수화물에서 탈출해라!,https://n.news.naver.com/article/031/0000754603?ntype=RANKING
아이뉴스24,"""침대는 과학이다""…안유수 에이스침대 회장 별세",https://n.news.naver.com/article/031/0000754737?ntype=RANKING
아이뉴스24,"[해외픽] ""쿠데타 아니었다"" 읍소하는 프로고진, 그의 행방은 어디에?",https://n.news.naver.com/article/031/0000754730?ntype=RANKING
아이뉴스24,"""숨은 보험금 12조4천억 주인 찾아가세요""",https://n.news.naver.com/article/031/0000754729?ntype=RANKING
비즈워치,"공모주 상장첫날 가격제한폭 확대…첫 주자 시큐센, 알멕",https://n.news.naver.com/article/648/0000017418?ntype=RANKING
비즈워치,"[알쓸부잡]헷갈리는 집값 통계, 어떤 걸 믿을까요?",https://n.news.naver.com/article/648/0000017416?ntype=RANKING
비즈워치,2인승 SUV면 장점 뭘까…'더 뉴 QM6 퀘스트'에 달린 질문보니,https://n.news.naver.com/article/648/0000017384?ntype=RANKING
비즈워치,매수의견 전 차명계좌로 선행매매... 베스트애널 또 적발,https://n.news.naver.com/article/648/0000017415?ntype=RANKING
비즈워치,LGD·삼성D 말고도 현대모비스가 디스플레이 집중하는 이유,https://n.news.naver.com/article/648/0000017412?ntype=RANKING
TV조선,"與 ""文정부, KBS·MBC에 광고 퍼주기…시청률 등 근거 마련해야""",https://n.news.naver.com/article/448/0000415649?ntype=RANKING
TV조선,"추미애 ""尹정권 1년동안 민주당 너무 얌전…검언개혁 실패 文정부도 책임""",https://n.news.naver.com/article/448/0000415655?ntype=RANKING
TV조선,"일본, 한국 '화이트리스트' 4년만에 복원…수출규제 모두 해제",https://n.news.naver.com/article/448/0000415659?ntype=RANKING
TV조선,"'코인 의혹' 김남국 ""국회 자문위에 거래내역 공개 안 할 것""",https://n.news.naver.com/article/448/0000415678?ntype=RANKING
TV조선,"세금 16억 들인 '애물단지' 거제 거북선, 결국 폐기",https://n.news.naver.com/article/448/0000415656?ntype=RANKING
데일리안,조국 출마 속내 비치자…민주당 안팎서 '설왕설래',https://n.news.naver.com/article/119/0002725210?ntype=RANKING
데일리안,5년 전과 비교해보니…숫자로 보는 '구광모' 파워,https://n.news.naver.com/article/119/0002725199?ntype=RANKING
데일리안,여름 축제 시즌 ‘엠폭스’ 경보 떴다...“백신·치료제 있어요”,https://n.news.naver.com/article/119/0002725201?ntype=RANKING
데일리안,한국인 인생 최대 흑자 ‘38세’…70대부터 적자 전환,https://n.news.naver.com/article/119/0002725197?ntype=RANKING
데일리안,금은방에 망치질…17초 만에 다 털렸다,https://n.news.naver.com/article/119/0002725159?ntype=RANKING
매일신문,"""초5 아들이 유도관장과 일대일…뇌출혈로 5살 됐어요""",https://n.news.naver.com/article/088/0000821889?ntype=RANKING
매일신문,"정유정, 흉기로 111번 찔렀다…父 살인예고 ""재혼 배신감""",https://n.news.naver.com/article/088/0000821886?ntype=RANKING
매일신문,"추미애 ""국가 회복력 잃기 전에 뭔가 해야…시민 승리 위해 헌신할 것""",https://n.news.naver.com/article/088/0000821945?ntype=RANKING
매일신문,"김건희 여사 첫 외신 인터뷰, 美에 ""K-컬쳐 영업사원 역할 할 것""",https://n.news.naver.com/article/088/0000821953?ntype=RANKING
매일신문,"박원석 ""송영길, 본인 방어 위해 무슨 짓이든 할 사람""…'대선 패배 심상정 탓' 발언 겨냥",https://n.news.naver.com/article/088/0000821950?ntype=RANKING
블로터,"[단독] 삼표그룹, 오너일가 회사 간 600억 자본거래...합병 맞물려 지분승계 '극대화'[Vault@Market]",https://n.news.naver.com/article/293/0000045291?ntype=RANKING
블로터,퇴직연금 깨지 말고 평생월급으로…윤창현 국힘 의원 연금개혁법,https://n.news.naver.com/article/293/0000045286?ntype=RANKING
블로터,"컴바이너 사라지는 차량용 HUD...""대세는 증강현실""",https://n.news.naver.com/article/293/0000045284?ntype=RANKING
블로터,"정부 물가잡기 압박에 울상짓는 유가공업계..""사정 잘 아는 정부가 희생만 강요""",https://n.news.naver.com/article/293/0000045290?ntype=RANKING
블로터,"조선내화, 분할비율 7:3에 담긴 뜻은? [Vault@Market]",https://n.news.naver.com/article/293/0000045215?ntype=RANKING
미디어오늘,"바디프랜드, 신제품 행사 참가 기자에 100만원 쿠폰 뿌렸다 철회",https://n.news.naver.com/article/006/0000118632?ntype=RANKING
미디어오늘,"이언주, 이동관 임명 시도에 ""윤 대통령 대한뉴스 바라는거냐""",https://n.news.naver.com/article/006/0000118630?ntype=RANKING
미디어오늘,"日오염수 조선일보 보도, 2년 전 文정부에선 달랐다",https://n.news.naver.com/article/006/0000118631?ntype=RANKING
미디어오늘,"국민의힘, 이번엔 ""KBS, MBC 노영 방송에 집중"" 정부 광고 압박",https://n.news.naver.com/article/006/0000118629?ntype=RANKING
미디어오늘,"[영상] 국민의힘 ""오염수 괴담 선동하는 분, 엑스레이 안 무섭나? 바나나는 왜 먹나?""",https://n.news.naver.com/article/006/0000118628?ntype=RANKING
디지털데일리,"카톡 노른자 땅 차지한 지 한 달…카카오, ‘오픈채팅방’ 알리기 총력전",https://n.news.naver.com/article/138/0002151067?ntype=RANKING
디지털데일리,내겐 너무 무거운 애플 '비전 프로'…  해결책은?,https://n.news.naver.com/article/138/0002151069?ntype=RANKING
디지털데일리,"포드, 이번 주 감원 발표…'전기차 부문'도 예외 아니다",https://n.news.naver.com/article/138/0002151103?ntype=RANKING
디지털데일리,"테슬라·엔비디아 본격 조정… VR헤드셋 저조, 메타 “月구독서비스 출시” [美 증시 & IT]",https://n.news.naver.com/article/138/0002151061?ntype=RANKING
디지털데일리,"SKT, 연말까지 ‘0 청년 요금제’ 가입자 100만명 채운다…청년 고객 10명 중 7명 가입",https://n.news.naver.com/article/138/0002151087?ntype=RANKING
헬스조선,"노인 성격, 갑자기 ‘이렇게’ 변하면… 치매 위험 신호",https://n.news.naver.com/article/346/0000062233?ntype=RANKING
헬스조선,망가지면 회복 어려운 콩팥… 원인의 40%는 ‘이것’,https://n.news.naver.com/article/346/0000062245?ntype=RANKING
헬스조선,"김영철, ‘이 병’ 때문에 못 걷고 종일 얼음찜질… 얼마나 심하길래?",https://n.news.naver.com/article/346/0000062224?ntype=RANKING
헬스조선,식중독 유발하는 '의외의 음식'… 어떻게 씻어야 할까?,https://n.news.naver.com/article/346/0000062257?ntype=RANKING
헬스조선,장마 동안 살찔까 걱정… 실내에서 ‘이 운동’ 하세요,https://n.news.naver.com/article/346/0000062252?ntype=RANKING
농민신문,비행기 창문에 붙인 스티커…“뗐는데 뭐가 문제 vs 방치한 엄마 잘못”,https://n.news.naver.com/article/662/0000022911?ntype=RANKING
농민신문,“외부인 하루 주차비 216만원”…인천 오피스텔 건물주의 특단조치,https://n.news.naver.com/article/662/0000022918?ntype=RANKING
농민신문,비 오는 새벽 16차선 검은옷 무단횡단 사고…경찰 “운전자 과실”,https://n.news.naver.com/article/662/0000022898?ntype=RANKING
농민신문,뇌출혈 ‘골든아워’는 2시간?…대처는 ‘이렇게’,https://n.news.naver.com/article/662/0000022884?ntype=RANKING
농민신문,방광암 위험요인 1위 ‘흡연’…여성에게 특히 위험,https://n.news.naver.com/article/662/0000022914?ntype=RANKING
신동아,“삼성이 말하면 지켜야 한다는 말에서 1등 기업 무게 느꼈다”,https://n.news.naver.com/article/262/0000016623?ntype=RANKING
신동아,"쿠팡에 1위 뺏긴 이마트, 아직 한 방 남았다",https://n.news.naver.com/article/262/0000016624?ntype=RANKING
신동아,‘구인난 국민의힘’ 오신환·김진모 모범… 양향자·조정훈 품으면 수도권 경쟁력↑,https://n.news.naver.com/article/262/0000016620?ntype=RANKING
신동아,"“0.01% 오차도 허용 않은 누리호, 대한민국 과학기술 새 길 열었다”",https://n.news.naver.com/article/262/0000016621?ntype=RANKING
ZDNet Korea,"아이폰15 프로 맥스 케이스 유출…""음소거 버튼·카툭튀 눈길""",https://n.news.naver.com/article/092/0002296617?ntype=RANKING
ZDNet Korea,"갤럭시Z플립 5 가격, 오를까 내릴까",https://n.news.naver.com/article/092/0002296652?ntype=RANKING
ZDNet Korea,"애플, 와이파이 특허소송 졌다…수조원 벌금 위기",https://n.news.naver.com/article/092/0002296724?ntype=RANKING
ZDNet Korea,"삼성, TSMC 추격 묘수 나올까…패키징·AI·IP 3대 키워드 주목",https://n.news.naver.com/article/092/0002296715?ntype=RANKING
ZDNet Korea,"LG 구광모 취임 5년, 미래 사업안착·세대교체 성공…M&A만 남았다",https://n.news.naver.com/article/092/0002296649?ntype=RANKING
kbc광주방송,[날씨]전국에 장맛비 이어져..남부지방 '많은 비',https://n.news.naver.com/article/660/0000038394?ntype=RANKING
kbc광주방송,피해자 110차례 찌른 정유정..아버지에게는 살인 협박도,https://n.news.naver.com/article/660/0000038426?ntype=RANKING
kbc광주방송,"박지원 ""김은경, 친이낙연계 제거 친명 쿠데타?..총선 필패, 이재명도 끝""[여의도초대석]",https://n.news.naver.com/article/660/0000038438?ntype=RANKING
kbc광주방송,제주 놀러 온 20대 관광객..바다 빠져 숨져,https://n.news.naver.com/article/660/0000038400?ntype=RANKING
kbc광주방송,전남대 기숙사 옥상서 신입생 추락..경찰 조사,https://n.news.naver.com/article/660/0000038365?ntype=RANKING
코메디닷컴,살빼기에 딱! 갈색지방 자극하는 식품 5가지,https://n.news.naver.com/article/296/0000067064?ntype=RANKING
코메디닷컴,아침 빈속일 때 건강에 좋은 습관 5,https://n.news.naver.com/article/296/0000067069?ntype=RANKING
코메디닷컴,"조심조심하며 살았더니, 100세가 넘었다.",https://n.news.naver.com/article/296/0000067084?ntype=RANKING
코메디닷컴,몸 10곳 냄새로 건강상태 알 수 있다?,https://n.news.naver.com/article/296/0000067068?ntype=RANKING
코메디닷컴,"고기랑 어울리는 파인애플...효능은 많고, 단점은 단 두 가지",https://n.news.naver.com/article/296/0000067071?ntype=RANKING
뉴스타파,"황보승희 의원 재산신고 누락, 증여세 탈루 의혹...경찰, 알면서 수사 안 해",https://n.news.naver.com/article/607/0000001566?ntype=RANKING
뉴스타파,"[윤석열의 해석 개헌] ① 대법관 제청권 무력화, 재판관 선출권 무력화",https://n.news.naver.com/article/607/0000001564?ntype=RANKING
뉴스타파,오류시장,https://n.news.naver.com/article/607/0000001565?ntype=RANKING
주간조선,"전현희 ""퇴임 후 휴식은 사치""...전여옥 ""저런 사람이 맨날 지각""",https://n.news.naver.com/article/053/0000037019?ntype=RANKING
주간조선,'패배할 결심?' 尹 징계 취소 소송 담당 공단 이사장에 캠프 출신 인사,https://n.news.naver.com/article/053/0000037021?ntype=RANKING
주간조선,"'존속살인' 검색한 정유정, 사건 발생 전 아빠에게 전화해 한 말",https://n.news.naver.com/article/053/0000037020?ntype=RANKING
주간조선,"박인환 ""文은 간첩"" vs 박용진 ""尹은 간첩에 임명장 받았나?""",https://n.news.naver.com/article/053/0000037016?ntype=RANKING
주간조선,"이용, 유승민 향해 ""정책 전문가 어디가고 정책 협잡꾼만 남아""",https://n.news.naver.com/article/053/0000037017?ntype=RANKING
동아사이언스,"BMI 30이면 무조건 비만?... ""절대 기준 아냐""",https://n.news.naver.com/article/584/0000023343?ntype=RANKING
동아사이언스,"日, 한국 수출규제 모두 해제…'화이트리스트' 완전복원",https://n.news.naver.com/article/584/0000023344?ntype=RANKING
동아사이언스,"한국 첫 달 궤도선 '다누리', 임무기간 2년 연장 확정",https://n.news.naver.com/article/584/0000023341?ntype=RANKING
동아사이언스,플라스틱 공해 줄인다...재활용 되는 '친환경 플라스틱' 개발,https://n.news.naver.com/article/584/0000023340?ntype=RANKING
동아사이언스,유해화학물질 분해하는 새 미생물 찾았다,https://n.news.naver.com/article/584/0000023342?ntype=RANKING
주간동아,중국 리오프닝 수혜 기대 꺼진 아모레퍼시픽,https://n.news.naver.com/article/037/0000032722?ntype=RANKING
주간동아,"“호반건설 ‘벌떼입찰’, 다수의 청약통장 동원해 아파트 분양받은 격”",https://n.news.naver.com/article/037/0000032675?ntype=RANKING
주간동아,"한국서부발전-한화임팩트, 세계 최초 50%대 수소 혼소 발전 성공",https://n.news.naver.com/article/037/0000032674?ntype=RANKING
주간동아,프로미스나인의 반가운 시즌 2,https://n.news.naver.com/article/037/0000032723?ntype=RANKING
주간동아,"[기획] 상조서비스 기업, 프리드라이프",https://n.news.naver.com/article/037/0000032720?ntype=RANKING
조세일보,"가구당 113만원씩…근로·자녀장려금, 2조3000억 지급",https://n.news.naver.com/article/123/0002309024?ntype=RANKING
조세일보,"""美 연준, 7월 금리 인상 어려워.. 디플레 오면 다 뒤집어써야""",https://n.news.naver.com/article/123/0002309040?ntype=RANKING
조세일보,"하태경 ""尹도 검사 주도 공천시 '필패' 알아"" 추미애 ""검찰정당 만들 것""",https://n.news.naver.com/article/123/0002309019?ntype=RANKING
조세일보,"""일본정부 뇌물주고  IAEA보고서 고쳐""… 제보자 폭로 '파장'",https://n.news.naver.com/article/123/0002309002?ntype=RANKING
조세일보,[인사전망대] 김태호·강민수 유임 확실시.. 차기 '중부청장'에 쏠린 눈,https://n.news.naver.com/article/123/0002309025?ntype=RANKING
더팩트,[단독] 에이스침대 창업주 안유수 회장 별세…향년 94세,https://n.news.naver.com/article/629/0000224036?ntype=RANKING
더팩트,침대 업계 '큰 별' 지다…맨손으로 에이스침대 일군 안유수 회장,https://n.news.naver.com/article/629/0000224101?ntype=RANKING
더팩트,"[등촌동 전세사기 추적①] 지옥이 된 자취방…""집에만 들어오면 울어요""",https://n.news.naver.com/article/629/0000223997?ntype=RANKING
더팩트,"'사생활 논란' 황의조, 자이 팬미팅 취소…GS건설 ""회사와 무관""",https://n.news.naver.com/article/629/0000224085?ntype=RANKING
더팩트,"尹 대통령 ""세일즈 외교 성과 나타나…기업 마음껏 뛰도록 뒷받침"" ",https://n.news.naver.com/article/629/0000224097?ntype=RANKING
한경비즈니스,부산 놀러 온 외국인 4배 늘었다… 결제액도 10배 증가,https://n.news.naver.com/article/050/0000066519?ntype=RANKING
한경비즈니스,'한국의 침대왕' 안유수 에이스침대 창업주 별세...향년 93세,https://n.news.naver.com/article/050/0000066528?ntype=RANKING
한경비즈니스,"‘최저시급’ 올려달라는 알바생vs동결하자는 사장님···‘1,109원’의 입장차",https://n.news.naver.com/article/050/0000066513?ntype=RANKING
한경비즈니스,비행기 창문에 스티커 붙인 3살 아이에···“부모는 뭐 했나” vs “떼면 되지”,https://n.news.naver.com/article/050/0000066503?ntype=RANKING
한경비즈니스,날 더워지면 속옷 잘 팔린다?…이유 들어보니[최수진의 패션채널],https://n.news.naver.com/article/050/0000066510?ntype=RANKING
한겨레21,"홍준표, 이슬람 포용한 ‘포비아’…이념의 족보가 없다",https://n.news.naver.com/article/036/0000048396?ntype=RANKING
한겨레21,전세 등기 의무화하면…전세의 ‘재탄생’ 가능할까,https://n.news.naver.com/article/036/0000048397?ntype=RANKING
한겨레21,‘갭투자 계속하세요’…정부 역전세 대책 갈피 못 잡아,https://n.news.naver.com/article/036/0000048395?ntype=RANKING
한겨레21,‘나쁜 엄마’는 자식의 장애에 가혹했다… 고개를 끄덕여야 할까,https://n.news.naver.com/article/036/0000048392?ntype=RANKING
한겨레21,"경련하는 아기 새뮤얼, 네가 아프지 않았으면 좋겠어",https://n.news.naver.com/article/036/0000048390?ntype=RANKING
매경이코노미,"[속보]농심, 신라면 50원·새우깡 100원씩 인하...정부 압박 통했다",https://n.news.naver.com/article/024/0000082921?ntype=RANKING
매경이코노미,알뜰교통카드 마일리지 적립 횟수 ‘월 44→60회’...최고 적립금 6만6000원,https://n.news.naver.com/article/024/0000082915?ntype=RANKING
매경이코노미,"IBK證 “삼성전자, 대부분 사업부 매출이 1분기보다 부진할 것” [오늘, 이 종목]",https://n.news.naver.com/article/024/0000082919?ntype=RANKING
매경이코노미,"스튜디오드래곤, 횡령 사고·대표 사임에 신저가로 추락 [오늘, 이 종목]",https://n.news.naver.com/article/024/0000082918?ntype=RANKING
매경이코노미,"결국 1만원 선 붕괴...CJ CGV 유상증자 충격에 그룹株도 약세 [오늘, 이 종목]",https://n.news.naver.com/article/024/0000082916?ntype=RANKING
강원도민일보,'최단기 합격 공무원 학원 1위' 해커스 광고는 거짓,https://n.news.naver.com/article/654/0000044295?ntype=RANKING
강원도민일보,"[속보] 농심, 신라면 50원·새우깡 100원 인하",https://n.news.naver.com/article/654/0000044303?ntype=RANKING
강원도민일보,"박원석 ""송영길 '이재명·심상정 대선단일화' 발언은 개X같은 소리""",https://n.news.naver.com/article/654/0000044277?ntype=RANKING
강원도민일보,최고 176㎜ 장맛비에 강원 도로 침수·낙석 등 13건 피해 발생,https://n.news.naver.com/article/654/0000044261?ntype=RANKING
강원도민일보,"박인환 경찰제도발전위원장 ""문재인이 간첩이란 걸 국민 70%가 몰라""",https://n.news.naver.com/article/654/0000044298?ntype=RANKING
주간경향,즉흥 발언[시사 2판4판],https://n.news.naver.com/article/033/0000045851?ntype=RANKING
주간경향,"제주 난산리 메밀밭 - 여름, 섬에 피어난 하얀 눈송이[정태겸의 풍경](49)",https://n.news.naver.com/article/033/0000045849?ntype=RANKING
주간경향,완벽한 챗GPT 뒤에 유령 노동자 착취가[할 말 있습니다](36),https://n.news.naver.com/article/033/0000045847?ntype=RANKING
주간경향,50일 만의 작별인사[렌즈로 본 세상],https://n.news.naver.com/article/033/0000045846?ntype=RANKING
주간경향,"명태 소멸, 제대로 된 진단과 처방을[취재 후]",https://n.news.naver.com/article/033/0000045850?ntype=RANKING
이코노미스트,“버거 2개가 5000원이 안되네”...홈플러스 가성비 ‘당당버거’ 내놨다,https://n.news.naver.com/article/243/0000046728?ntype=RANKING
이코노미스트,“후쿠시마 오염수 10L 마시면 X-레이 1번 찍는 정도”,https://n.news.naver.com/article/243/0000046701?ntype=RANKING
이코노미스트,"연비 좋은 3열 패밀리카 온다...토요타, 내달 ‘하이랜더’ 공식 출시",https://n.news.naver.com/article/243/0000046716?ntype=RANKING
이코노미스트,늘어나고 돌돌 말리는 미래차...답은 현대모비스에 있다,https://n.news.naver.com/article/243/0000046720?ntype=RANKING
이코노미스트,"HD현대일렉트릭, 미국·유럽서 2900억원 수주",https://n.news.naver.com/article/243/0000046727?ntype=RANKING
여성신문,"유학생 자녀 둔 부모, 10만 달러 이내 신고 없이 송금",https://n.news.naver.com/article/310/0000108108?ntype=RANKING
여성신문,"낙태죄 폐지 4년, 아직도 '임신중단약'은 불법... ""안전한 임신중지 지금 당장""",https://n.news.naver.com/article/310/0000108067?ntype=RANKING
여성신문,"양향자, 세계 첫 블록체인 정당 '한국의희망' 창당… ""새 시대로 건너가자""",https://n.news.naver.com/article/310/0000108075?ntype=RANKING
여성신문,"박지현 ""민주당 누구도 '성폭력 미화' 박원순 다큐 비판 못 해""",https://n.news.naver.com/article/310/0000108095?ntype=RANKING
여성신문,"""박원순, 망령 돼 피해자 괴롭혀"" 46개 단체 '박원순 다큐' 개봉 규탄",https://n.news.naver.com/article/310/0000108103?ntype=RANKING
JIBS,"내일부터 '만 나이' 적용되면.. 뭐가 어려지고, 뭣이 그대로?",https://n.news.naver.com/article/661/0000027689?ntype=RANKING
JIBS,"하루하루 끼니 걱정에 “이 나이에도, 차마 일을 손에서 놓을 수가..”",https://n.news.naver.com/article/661/0000027632?ntype=RANKING
JIBS,최저임금 본격 협상.. '1만 원' 돌파 가능성 두고 장외 여론전↑,https://n.news.naver.com/article/661/0000027679?ntype=RANKING
JIBS,[제주날씨] '우르릉 쾅' 천둥·번개에 폭우까지,https://n.news.naver.com/article/661/0000027683?ntype=RANKING
JIBS,"""책임 다하겠다"" 이낙연 본격 행보.. ""불안한 이재명 대안""'""갈등은 보수 호사가 기대일 뿐""",https://n.news.naver.com/article/661/0000027674?ntype=RANKING
머니S,"""쌍둥이 딸 외모가 너무 달라""… 검사해보니 한명만 내딸?",https://n.news.naver.com/article/417/0000930977?ntype=RANKING
머니S,"[Z시세] ""아저씨 탈출 위해""… 수염 제모하는 남성들",https://n.news.naver.com/article/417/0000930982?ntype=RANKING
머니S,주차 시비 끝에 장검으로 이웃 손목 절단한 70대… 검찰 송치,https://n.news.naver.com/article/417/0000931001?ntype=RANKING
머니S,"박용진 ""尹은 간첩 하수인이냐""… '文 간첩' 박인환에 일침",https://n.news.naver.com/article/417/0000930972?ntype=RANKING
머니S,"""연예인인줄""… AI가 보정한 사진으로 주민증 발급 괜찮나",https://n.news.naver.com/article/417/0000930964?ntype=RANKING
전주MBC,내일(28일)부터 만 나이로 통일.. 술·담배 구입은 2004년생부터 가능,https://n.news.naver.com/article/659/0000012623?ntype=RANKING
전주MBC,"진안 운일암반일암, 8월 20일까지 피서객 맞이",https://n.news.naver.com/article/659/0000012629?ntype=RANKING
전주MBC,"""'음주운전 사고' 김광수 정무수석 사퇴해야""",https://n.news.naver.com/article/659/0000012624?ntype=RANKING
전주MBC,학교당 냉방비 2400만 원씩 추가 지원…사회복지시설도 지원,https://n.news.naver.com/article/659/0000012631?ntype=RANKING
전주MBC,[전북날씨] 장맛비 잠시 소강상태..내일 다시 5~40mm 소나기,https://n.news.naver.com/article/659/0000012628?ntype=RANKING
기자협회보,"경향 ""이동관, 2010년 국정원에 KBS 좌편향 인사 파악 지시""",https://n.news.naver.com/article/127/0000034236?ntype=RANKING
기자협회보,"KBS 기자협회, '사장 퇴진' 반대 52.6%-찬성 47.4%",https://n.news.naver.com/article/127/0000034235?ntype=RANKING
기자협회보,상업위성 '맥사'가 보여주는 대결과 갈등의 세계,https://n.news.naver.com/article/127/0000034234?ntype=RANKING
코리아중앙데일리,Japan puts Korea back on trade 'white list',https://n.news.naver.com/article/640/0000040052?ntype=RANKING
코리아중앙데일리,"[THINK ENGLISH] 윤석열 대통령, 최고의 엑스포 개최 위해 “부산은 준비됐다”",https://n.news.naver.com/article/640/0000040044?ntype=RANKING
코리아중앙데일리,Rains batter Korea as monsoon season begins in earnest,https://n.news.naver.com/article/640/0000040010?ntype=RANKING
코리아중앙데일리,[NEWS ANALYSIS] Growing ChatGPT jitters from Korean tech firms,https://n.news.naver.com/article/640/0000040029?ntype=RANKING
코리아중앙데일리,U.S. pushing peninsula to 'brink of nuclear war': North,https://n.news.naver.com/article/640/0000040024?ntype=RANKING
월간 산,[등산시렁] 요즘 마음껏 소리 질 러 본 적 있나요?,https://n.news.naver.com/article/094/0000011013?ntype=RANKING
월간 산,"조난 당한 호주 여성, '와인 한 병'으로 5일 버텨",https://n.news.naver.com/article/094/0000011011?ntype=RANKING
월간 산,"방수 배낭의 끝판왕, 물 분자도 침투 못한다",https://n.news.naver.com/article/094/0000011012?ntype=RANKING
월간 산,공룡능선 추락 중상자 지키며 밤을 새우다,https://n.news.naver.com/article/094/0000011004?ntype=RANKING
월간 산,"""알자스 산은 크고 둥글둥글…한국 산은 작지만 터프해요""",https://n.news.naver.com/article/094/0000011005?ntype=RANKING
대구MBC,경북 청도서 포크레인에 깔려 50대 숨져,https://n.news.naver.com/article/657/0000016062?ntype=RANKING
대구MBC,[토크와이드] 5개월 앞둔 수능 난이도 변화···당장 어떻게 준비하나?,https://n.news.naver.com/article/657/0000016066?ntype=RANKING
대구MBC,대구 장애인단체 집회·행진···중앙로·동대구로 교통 혼잡 예상,https://n.news.naver.com/article/657/0000016067?ntype=RANKING
대구MBC,물에 잠기고 나무 쓰러지고…대구·경북 비 피해 30여 건,https://n.news.naver.com/article/657/0000016063?ntype=RANKING
대구MBC,"[뉴스+] ""'사드 괴담'으로 성주 참외 타격""···""참외까지 정쟁 도구? 졸렬""",https://n.news.naver.com/article/657/0000016075?ntype=RANKING
대전일보,"""유도관장과 대련한 초5 아들… 뇌출혈 후 5살 됐습니다""",https://n.news.naver.com/article/656/0000055128?ntype=RANKING
대전일보,"농심, 7월부터 신라면 50원·새우깡 100원 가격 내린다",https://n.news.naver.com/article/656/0000055138?ntype=RANKING
대전일보,'평양 브이로그' 찍던 송아·유미… 유튜브 계정 해지됐다,https://n.news.naver.com/article/656/0000055126?ntype=RANKING
대전일보,"""물 위에 사람 떠 있다""… 제천 의림지서 70대 여성 시신 발견",https://n.news.naver.com/article/656/0000055130?ntype=RANKING
대전일보,"일본, 한국 '화이트리스트' 복원… 4년 만에 수출규제 해제",https://n.news.naver.com/article/656/0000055136?ntype=RANKING
경기일보,운전 중인 부인 폭행한 남편...시민 신고로 덜미,https://n.news.naver.com/article/666/0000014722?ntype=RANKING
경기일보,안산 화랑유원지 호수서 여성 시신 발견,https://n.news.naver.com/article/666/0000014717?ntype=RANKING
경기일보,경제성에 추진 동력 잃은 인천 부평연안부두선 트램 ‘난항’,https://n.news.naver.com/article/666/0000014713?ntype=RANKING
경기일보,'300억대 전세사기' 건축왕 일당 기소... 범죄단체조직죄 첫 적용,https://n.news.naver.com/article/666/0000014730?ntype=RANKING
경기일보,박광온 “후쿠시마 오염수 내년 초까지 해양 투기 보류해야”,https://n.news.naver.com/article/666/0000014723?ntype=RANKING
국제신문,공무원 합격 1위 학원?…해커스 버스 광고 거짓이었다,https://n.news.naver.com/article/658/0000044941?ntype=RANKING
국제신문,부산 아울렛 매장 10곳 중 4곳 '에어컨 튼 채 개문 영업',https://n.news.naver.com/article/658/0000044937?ntype=RANKING
국제신문,“러 치명적 약점 노출”…우크라 대반격 추진력 얻을 듯,https://n.news.naver.com/article/658/0000044879?ntype=RANKING
국제신문,"4중고에 고사 위기 내몰린 백신 피해자...""'정부 불신' 대표 사례 될 수도""",https://n.news.naver.com/article/658/0000044943?ntype=RANKING
국제신문,"정유정, 범행 당시 흉기 110차례 휘둘러",https://n.news.naver.com/article/658/0000044925?ntype=RANKING
CJB청주방송,"[속보] 농심, 신라면 50원·새우깡 100원 전격 인하",https://n.news.naver.com/article/655/0000010976?ntype=RANKING
CJB청주방송,일면식도 없는 여성 둔기로 무차별 폭행... 범행동기 오리무중,https://n.news.naver.com/article/655/0000010959?ntype=RANKING
CJB청주방송,제천 의림지서 70대 추정 여성 시신 인양... 경찰 수사 중,https://n.news.naver.com/article/655/0000010969?ntype=RANKING
CJB청주방송,‘점심 한 끼에 만 4천 원’... 직장인들 반값 구내식당 몰린다,https://n.news.naver.com/article/655/0000010960?ntype=RANKING
CJB청주방송,6만5천명 동시 투약 가능한 필로폰 반입한 태국인 징역 10년,https://n.news.naver.com/article/655/0000010967?ntype=RANKING
더스쿠프,"편의점에 찾아온 봄, 점주는 비켜갔다 [視리즈]",https://n.news.naver.com/article/665/0000001190?ntype=RANKING
더스쿠프,"다음, 챗GPT … 네이트의 실속 없는 '렌트' [컴퍼니+]",https://n.news.naver.com/article/665/0000001189?ntype=RANKING
더스쿠프,"6:4, 7:3 … 근데 왜 편의점 본사만 돈 벌죠? [視리즈]",https://n.news.naver.com/article/665/0000001183?ntype=RANKING
더스쿠프,'실적 발표 D-7' 2분기 실적이 말해줄 것들 [마켓톡톡],https://n.news.naver.com/article/665/0000001186?ntype=RANKING
더스쿠프,[이지은의 신간] 일하는 여성은 왜 고통받는가,https://n.news.naver.com/article/665/0000001187?ntype=RANKING
레이디경향,"심장 건강에 특히 좋은 견과류, 이것",https://n.news.naver.com/article/145/0000019046?ntype=RANKING
레이디경향,"쿰쿰한 장마철 욕실, 전문가의 청소법은요",https://n.news.naver.com/article/145/0000019043?ntype=RANKING
레이디경향,젤 네일 말리는 ‘UV 램프’ DNA 손상시킨다,https://n.news.naver.com/article/145/0000019050?ntype=RANKING
레이디경향,이제 사무실에서도 블루보틀…분말 형태 인스턴트 커피 출시,https://n.news.naver.com/article/145/0000019049?ntype=RANKING
레이디경향,"‘로코장인’ 정해인, 이번엔 강렬하게[화보]",https://n.news.naver.com/article/145/0000019047?ntype=RANKING
